vector_size,threads,sequential_time,execution_time,speedup,efficiency
1000000,1,0.007267,0.005523,1.3158,131.58
1000000,2,0.007267,0.006204,1.1713,58.57
1000000,4,0.007267,0.003895,1.8657,46.64
1000000,6,0.007267,0.006700,1.0846,18.08
1000000,16,0.007267,0.004731,1.5360,9.60
10000000,1,0.023113,0.030223,0.7647,76.47
10000000,2,0.023113,0.013761,1.6796,83.98
10000000,4,0.023113,0.011840,1.9521,48.80
10000000,6,0.023113,0.014404,1.6046,26.74
10000000,16,0.023113,0.011540,2.0029,12.52
50000000,1,0.127989,0.129369,0.9893,98.93
50000000,2,0.127989,0.084077,1.5223,76.11
50000000,4,0.127989,0.067768,1.8886,47.22
50000000,6,0.127989,0.071014,1.8023,30.04
50000000,16,0.127989,0.040625,3.1505,19.69
